"CCG_CODE","ONS_CCG_CODE","TOTAL_ALL","TOTAL_MALE","TOTAL_FEMALE","MALE_0-4","MALE_5-9","MALE_10-14","MALE_15-19","MALE_20-24","MALE_25-29","MALE_30-34","MALE_35-39","MALE_40-44","MALE_45-49","MALE_50-54","MALE_55-59","MALE_60-64","MALE_65-69","MALE_70-74","MALE_75-79","MALE_80-84","MALE_85-89","MALE_90-94","MALE_95+","FEMALE_0-4","FEMALE_5-9","FEMALE_10-14","FEMALE_15-19","FEMALE_20-24","FEMALE_25-29","FEMALE_30-34","FEMALE_35-39","FEMALE_40-44","FEMALE_45-49","FEMALE_50-54","FEMALE_55-59","FEMALE_60-64","FEMALE_65-69","FEMALE_70-74","FEMALE_75-79","FEMALE_80-84","FEMALE_85-89","FEMALE_90-94","FEMALE_95+"
"00C","E38000042",107513,53236,54277,3116,3293,3199,2910,2919,3284,3426,3448,3463,4002,4097,3568,3169,3110,2309,1736,1236,645,260,46,2925,3166,2933,2921,2944,3495,3394,3313,3457,3852,3982,3685,3051,3259,2442,2119,1595,1048,548,148
"00D","E38000047",290161,144164,145997,7883,8499,8032,8326,8258,8751,8738,8306,8819,10858,11329,10284,9096,9296,6873,5064,3349,1709,580,114,7368,8030,7722,7805,8074,8755,8490,8229,8861,10741,11270,10314,9105,9474,7334,5705,4373,2764,1212,371
"00J","E38000116",253911,125574,128337,6603,6768,6321,7515,10924,8618,7975,7279,7625,9071,9260,8072,7479,7454,5753,4189,2696,1394,477,101,6132,6621,5920,7598,11717,8125,7690,7239,7514,8957,9067,8316,7449,7857,6032,4887,3604,2232,1058,322
"00K","E38000075",295248,146354,148894,8881,9489,8541,8722,9497,9958,9635,8857,9054,10617,10901,10066,8485,8257,5778,4357,3075,1565,511,108,8287,9158,8178,8297,9379,9676,9679,8933,8851,10504,11157,10074,8593,8530,6228,5301,4096,2560,1113,300
"00L","E38000130",322944,158606,164338,7939,8723,8700,8792,8439,8669,8445,8366,9507,11254,12336,11857,11294,11814,8824,6139,4306,2220,832,150,7446,8164,8189,8343,7946,8452,8664,8684,9719,11750,12851,12467,11469,12432,9302,7229,5443,3547,1714,527
"00M","E38000162",294315,147625,146690,9090,9348,8488,8411,10144,10913,10243,9057,9028,10051,10741,9766,8241,8103,5993,4642,3045,1663,555,103,8461,8968,8015,8240,9582,10118,9685,8347,8333,9877,10580,9601,8466,8403,6475,5457,4026,2565,1146,345
"00N","E38000163",155989,78186,77803,4236,4348,4007,4157,4981,5479,5240,4962,4986,5901,6093,5631,4765,4621,3219,2484,1750,950,316,60,4001,4223,3841,4019,4404,5145,5099,4563,4560,5384,5890,5573,4733,4699,3515,3050,2472,1638,768,226
"00P","E38000176",284028,141850,142178,7536,8102,7373,7917,9297,10310,9805,8805,8984,10786,10712,10092,8444,8184,5721,4500,3098,1619,457,108,7099,7793,7145,7493,9303,9791,9051,8342,8636,10165,10242,9746,8504,8632,6370,5423,4370,2633,1125,315
"00Q","E38000014",172525,87538,84987,6022,6223,6000,5808,5872,6169,6449,6061,5975,6402,5809,5068,4293,4031,2838,2069,1410,731,258,50,5678,6111,5658,5453,5391,6117,6163,5540,5474,5841,5421,4819,4185,3955,3045,2375,1796,1206,589,170
"00R","E38000015",171988,87007,84981,4724,4657,4543,4715,4995,5903,5552,5156,5470,6836,7160,6168,5072,5156,4109,3093,2077,1128,414,79,4455,4520,4226,4601,5067,5684,5322,4631,4965,6109,6395,5468,4813,5207,4260,3558,2782,1798,848,272
"00T","E38000016",303689,153196,150493,10074,10645,9784,9496,9263,10495,10807,10227,10511,11506,10822,9125,7908,7991,5885,4212,2555,1306,491,93,9583,10091,8972,8703,8953,10761,10507,9475,9600,10636,10287,8813,7649,8206,6267,4782,3458,2290,1115,345
"00V","E38000024",201046,100194,100852,6473,6645,6220,5753,5731,6654,6865,6582,6710,7457,7646,6418,5266,5597,4112,2880,1850,928,335,72,6022,6411,5752,5514,5599,6708,6936,6515,6464,7260,7294,6131,5413,5680,4412,3469,2614,1617,782,259
"00W","E38000032",230368,121903,108465,7585,7620,6564,7397,13088,12750,12614,11608,9589,8639,7135,5456,3783,2732,1867,1575,1128,543,182,48,7254,7109,6298,7611,15168,11705,10435,8536,6567,6176,5385,4125,3135,2470,1973,1820,1382,852,360,104
"00X","E38000034",180333,89806,90527,5309,5419,4989,4854,4743,5481,5671,5661,6099,6984,7039,5988,5244,5733,4323,3033,1864,938,363,71,5001,5085,4734,4649,4713,5751,5735,5506,5946,6848,6819,5831,5307,5801,4495,3409,2387,1489,778,243
"00Y","E38000135",250193,125081,125112,8698,9151,8560,8129,7660,8649,8818,8310,8385,9214,8656,7422,6294,6122,4402,3337,1942,943,325,64,8486,9018,8222,7603,7584,9001,8752,8067,7656,8391,8276,6990,6214,6430,5005,3827,2740,1804,777,269
"01A","E38000050",376425,188628,187797,11624,12380,11508,11319,11060,12509,12482,11617,12195,14075,13835,12133,10699,11171,8070,5574,3606,1972,661,138,11335,11866,10820,10522,10827,12557,12325,11288,11601,13248,12974,11957,10362,11235,8444,6194,4843,3296,1563,540
"01C","E38000056",206888,102374,104514,5437,5932,5558,5470,4699,5409,5612,6244,6880,8010,8314,7248,6352,6858,5343,3869,2767,1613,608,151,5101,5496,5288,5193,4399,5313,5798,6215,6739,8103,8194,7042,6257,7221,5833,4517,3611,2511,1244,439
"01D","E38000080",228854,114875,113979,7625,8117,7217,6946,6945,8041,8180,7770,7740,8604,8252,7047,6235,5914,4075,2936,1837,967,364,63,7297,7580,6780,6744,6894,8252,8254,7409,7135,7880,7546,6940,6119,5925,4456,3436,2582,1753,764,233
"01E","E38000065",211709,106315,105394,6237,6635,6009,6231,8127,7583,7514,7096,7222,7756,7807,6516,5541,5271,4058,2973,2169,1087,399,84,6048,6373,5709,6003,8470,7588,7076,6428,6466,7320,7401,6388,5366,5469,4191,3509,2697,1763,885,244
"01F","E38000068",130229,65057,65172,3962,4052,3898,3812,3904,4395,4498,4176,4411,4888,4865,4210,3779,3899,2549,1795,1124,605,203,32,3752,4020,3664,3689,3842,4439,4332,4044,4231,4646,4717,4353,3929,3962,2603,1993,1551,893,401,111
"01G","E38000143",263906,134234,129672,8892,8968,7207,7135,9523,12154,12334,10341,8861,9317,9057,7619,5947,5838,4219,3177,2113,1075,381,76,8659,8258,6911,7273,10097,12132,11213,8770,7821,8190,7952,6990,5560,5853,4528,3748,2810,1749,868,290
"01H","E38000041",522121,259954,262167,12750,13878,13499,14281,14547,15015,14681,13981,15527,19148,20880,19331,17023,18542,14157,10335,7028,3736,1344,271,12154,13115,12722,13501,13453,14480,14314,13517,15372,19465,20359,18755,17139,18838,14540,11776,8982,5943,2886,856
"01J","E38000091",162766,80612,82154,5046,4974,4655,4850,5333,5912,5673,4960,4963,5907,6460,5932,4637,3847,2594,2274,1570,798,194,33,4623,4698,4454,4799,5335,6145,5723,4837,4746,5901,6333,5734,4653,4068,3023,2840,2236,1316,562,128
"01K","E38000093",159297,79147,80150,4079,4313,3944,5274,7383,5260,5020,4623,4651,5386,5614,4990,4301,4683,3657,2677,1887,993,347,65,3997,3995,3747,5266,7777,4876,4831,4336,4374,5202,5468,4978,4414,4839,3838,3112,2455,1628,778,239
"01M","E38000123",208093,106902,101191,7813,7895,6490,5997,6975,10163,10199,8954,7890,7623,6795,5501,4318,3706,2524,1892,1267,604,232,64,7486,7530,6382,5709,7694,10724,9505,7641,6200,6094,5652,4978,3745,3541,2692,2282,1679,1042,465,150
"01N","E38000158",173442,87676,85766,5490,5441,4543,4942,8392,7999,8349,7306,6204,5994,5412,4689,3817,3302,2238,1536,1086,634,227,75,5322,5239,4453,4975,8977,8255,8088,6415,5220,5086,4917,4144,3548,3332,2379,1895,1572,1155,588,206
"01R","E38000151",181404,90468,90936,4992,5445,4950,5065,5394,5690,5678,5378,5843,6949,7268,6059,5244,5415,4331,3150,2032,1121,390,74,4613,5077,4746,5012,5315,5440,5526,5225,5874,6896,6816,5901,5123,5790,4628,3480,2563,1810,833,268
"01T","E38000161",154618,76407,78211,4360,4338,4020,4334,4711,5266,5081,4533,4677,5664,6116,5648,4710,4353,3096,2482,1768,882,301,67,4067,4125,3926,4213,4462,5291,5015,4412,4601,5519,6247,5541,4690,4504,3560,3126,2423,1625,656,208
"01V","E38000170",123709,60312,63397,2772,3265,3210,3316,3083,3449,3416,3208,3496,4413,4730,4343,3812,4191,3363,2612,2064,1107,378,84,2665,3007,3053,3131,3001,3390,3191,3187,3629,4410,4773,4547,3995,4491,3959,3309,2679,1808,877,295
"01W","E38000174",308001,152427,155574,9095,9590,8708,8439,8255,9670,9984,10366,10451,11585,11637,9991,8652,8578,6316,4865,3514,1954,671,106,9028,8992,8005,7976,7946,9911,10552,10265,10163,11199,11353,9938,8511,8932,7190,5836,4690,3139,1491,457
"01X","E38000172",195797,97300,98497,5472,5748,5307,5560,5570,6161,6108,5844,6563,7521,7486,6542,5522,6045,4640,3462,2270,1096,334,49,5143,5568,5057,5104,5466,6311,6170,5689,6231,7410,7247,6375,5728,6360,5017,3984,2921,1721,750,245
"01Y","E38000182",245277,121984,123293,7612,7995,6924,6942,7299,8280,8304,7643,7997,9591,9563,8136,6730,6850,4964,3438,2211,1028,391,86,7310,7652,6724,6728,7191,8621,8484,7685,7772,8962,9236,7843,6477,6977,5394,4178,2879,1923,937,320
"02A","E38000187",238840,118634,120206,7333,8054,7358,6840,6252,7272,8273,8512,8726,9177,9035,7568,6109,5891,4366,3406,2543,1360,459,100,6992,7770,7029,6350,5837,7365,8478,8685,8479,8836,8723,7303,6041,6195,5026,4232,3298,2248,992,327
"02D","E38000189",104298,52133,52165,3020,3266,2986,2942,2940,3192,3266,3046,3532,4092,4248,3559,3144,3098,2360,1601,1022,586,203,30,2801,3059,2809,2774,2755,3180,3214,3059,3379,4098,4065,3555,2976,3254,2433,1902,1353,895,478,126
"02E","E38000194",215556,107664,107892,6306,6688,6219,6149,6011,6695,7167,7166,7615,8582,8824,7165,5866,5813,4461,3301,2174,1044,357,61,5915,6430,5941,5853,5758,6893,7259,7046,7149,8335,8366,6838,5797,6039,4886,3958,2638,1737,798,256
"02F","E38000196",260274,128515,131759,6877,7282,6717,7103,7804,8213,7931,7726,8264,9829,10080,8870,7657,7934,6081,4628,3107,1708,576,128,6439,6834,6559,7010,8462,8215,8063,7618,8244,9381,9936,8608,7606,8244,6539,5465,4093,2738,1302,403
"02G","E38000200",112386,55555,56831,2804,3276,3141,3434,3471,3292,3082,2960,3428,4260,4488,3869,3284,3517,2813,2123,1365,676,228,44,2675,2997,2969,3381,3732,3104,3146,2955,3452,4118,4315,3809,3452,3795,3033,2370,1762,1105,502,159
"02H","E38000205",324444,162841,161603,9396,9999,9056,9209,9418,10729,10771,10044,11083,13186,12494,10534,8792,9802,7848,5290,3168,1476,459,87,8804,9410,8655,8524,9265,10689,10546,9623,10454,12407,11783,10154,9003,10091,8176,5954,4118,2474,1130,343
"02M","E38000060",151036,73946,77090,3515,3859,3842,4158,3650,4046,4013,3777,4178,5288,5791,5428,4801,5419,4562,3291,2440,1348,444,96,3304,3712,3609,3719,3542,3991,3872,3740,4261,5356,5854,5611,4952,5750,4926,4053,3191,2246,1085,316
"02N","E38000001",158457,78264,80193,4384,4936,4839,4611,4072,4496,4472,4576,4981,5731,5916,5380,4897,5046,3729,2637,1945,1091,422,103,4186,4628,4421,4298,4049,4526,4451,4518,4985,5684,5883,5429,4879,5214,3991,3202,2643,1875,1011,320
"02P","E38000006",257018,128303,128715,7598,7973,6979,7100,7818,8529,8582,7808,8316,10244,9738,8533,7391,7415,5748,4005,2644,1316,486,80,7431,7398,6707,6807,7537,8545,8263,7582,7987,9781,9586,8522,7340,7405,6152,4675,3526,2196,989,286
"02Q","E38000008",115058,57301,57757,3121,3258,3071,3269,3366,3523,3396,3167,3568,4334,4572,3984,3549,3759,2980,2030,1310,759,237,48,3001,3139,2888,3174,3219,3338,3259,3169,3617,4286,4427,3957,3523,3945,3061,2291,1694,1101,512,156
"02R","E38000019",338969,167866,171103,11635,12626,11411,10291,9926,11317,11937,11784,11079,12049,11667,10403,8762,8317,5348,4199,2886,1530,573,126,11563,11948,11060,10204,9747,12015,12644,11609,10556,11284,11230,10290,8622,8390,6049,5141,4280,2703,1356,412
"02T","E38000025",218898,109013,109885,6725,6977,6607,6559,6264,6907,7082,6951,7373,8573,8415,7261,6153,6114,4493,3091,1939,1032,417,80,6287,6867,6345,5995,6079,7075,7078,6769,7279,8399,8070,7086,6038,6335,4714,3531,2758,1926,961,293
"02V","E38000094",213047,106515,106532,6737,6648,5861,5616,6226,8700,9158,8770,7787,7399,7020,6061,5130,4955,3744,2765,2171,1195,475,97,6433,6432,5460,5560,6499,8876,8698,7787,6943,7147,6880,6081,5089,5280,4153,3367,2755,1900,869,323
"02W","E38000018",125860,66849,59011,5511,5811,5401,4931,6271,6530,7166,6335,4775,3778,2536,2285,2025,1203,674,741,495,263,90,28,5263,5610,5195,4777,6048,5795,5560,4554,3477,3061,2107,1954,1709,1225,771,797,580,351,129,48
"02X","E38000044",315564,157232,158332,9535,9974,8868,8969,9374,10616,10688,9724,9831,11408,11879,10646,9087,8903,6698,4909,3509,1860,641,113,9009,9615,8596,8429,9192,10825,10382,9045,9330,11197,11627,10454,9021,9349,7110,5881,4669,2869,1337,395
"02Y","E38000052",301737,148870,152867,7460,8037,7830,8092,7934,7860,7570,7571,8827,10819,11618,10862,10001,11262,8866,6484,4420,2355,829,173,6732,7596,7547,7833,7248,7618,7607,7654,9458,11107,11614,10706,10355,12007,9324,7224,5496,3496,1701,544
"03A","E38000064",244776,122608,122168,7110,7747,7092,7168,9271,8601,8073,7867,8269,9310,8813,7731,6487,6643,4847,3459,2323,1274,437,86,6880,7427,6797,6821,8854,7997,7848,7619,7993,8860,8548,7454,6462,6899,5242,3992,3106,2099,955,315
"03C","E38000096",369420,184126,185294,10163,9966,8404,10489,21624,18284,15576,13573,12036,12065,11433,9633,8017,7870,5602,4101,3016,1555,586,133,9602,9372,8019,11583,25941,17463,13985,11756,10586,10966,10737,9237,7840,8338,6151,5043,4177,2783,1326,389
"03D","E38000069",143552,70258,73294,3466,3690,3804,3898,3513,3597,3359,3264,3805,4951,5768,5452,4957,5585,4335,3065,2125,1144,398,82,3273,3514,3572,3575,3401,3838,3656,3576,4007,5353,5894,5526,5126,5685,4484,3450,2616,1709,791,248
"03E","E38000073",161342,79641,81701,3913,4566,4501,4406,3833,4284,4440,4804,5260,6361,6616,5923,4864,5067,3973,3023,2113,1169,426,99,3688,4204,4381,4227,3620,4298,4526,4733,5251,6404,6508,5731,4969,5360,4264,3550,2728,1863,1057,339
"03F","E38000085",293696,148617,145079,9689,9454,8065,8562,10916,11341,11324,9976,10300,10771,10610,9223,7684,7398,4895,3838,2649,1390,441,91,9110,9024,7561,8040,11271,11665,10671,8880,8848,9620,9840,8813,7410,7264,5291,4524,3643,2345,977,282
"03G","E38000095",275116,139725,135391,9635,9690,8115,7696,8573,10594,11377,10765,10191,10233,9676,7895,6388,6279,4710,3603,2505,1290,432,78,9208,9358,7868,7431,8572,10490,10349,9301,8513,9241,8623,7550,6231,6570,5112,4285,3309,2124,944,312
"03H","E38000119",168916,84682,84234,4972,5278,4748,4811,4992,5828,5373,4815,5299,6266,6429,5761,4981,5084,3699,2795,2057,1067,342,85,4862,4891,4567,4550,4832,5666,5190,4698,4827,5961,6346,5548,4775,5006,3918,3345,2597,1653,746,256
"03J","E38000121",191083,95835,95248,6350,6958,6446,6103,6050,6491,6892,6707,6503,7197,6310,5480,4809,4723,3439,2549,1683,816,277,52,5993,6595,6186,5936,5838,6844,6827,6260,6131,6661,5989,5264,4626,4909,3715,2925,2199,1453,663,234
"03K","E38000122",172256,86260,85996,4676,5136,4803,4788,5002,5372,5447,4907,5171,6465,6779,6017,5280,5636,4197,3059,1977,1118,362,68,4634,4880,4534,4633,4649,5233,5132,4683,5050,6290,6462,5866,5334,5607,4457,3250,2635,1610,805,252
"03L","E38000141",260127,129365,130762,7587,8324,7490,7612,7894,8447,8248,7779,8282,9934,9718,8460,7332,7459,5835,4250,2730,1371,511,102,7503,7794,7266,7357,7580,8496,8190,7670,8069,9576,9246,8439,7338,7696,6233,4927,3739,2235,1055,353
"03M","E38000145",118927,59216,59711,2952,3159,3071,3388,3310,3504,3406,3056,3407,4224,4456,4271,3893,4216,3404,2428,1678,963,352,78,2725,2956,2887,3055,3064,3400,3053,2908,3320,4098,4475,4265,3985,4459,3601,2867,2139,1493,737,224
"03N","E38000146",588619,298078,290541,17074,17515,15724,18659,29738,24524,21268,19616,19174,21034,19950,16877,13877,13704,10758,8290,5705,3104,1214,273,16217,16689,14952,18208,29009,22077,19737,17447,17020,19167,18387,16063,13678,14065,12070,9806,7672,5024,2379,874
"03Q","E38000188",350041,172007,178034,8614,9276,8712,10179,13461,11806,11007,10864,10872,12497,12715,11333,9653,10272,7889,5617,3984,2221,845,190,8053,8919,8559,10865,15037,11797,10831,10398,10596,12477,12543,11081,9867,10929,8424,6675,5172,3572,1697,542
"03R","E38000190",366060,182958,183102,10896,11227,10102,10132,10906,12375,12690,11467,12240,14540,13925,12111,10244,10411,7953,5528,3683,1793,622,113,10248,10667,9497,9712,10582,12470,12268,10811,11662,13961,13417,11799,10398,10804,8499,6465,4952,3032,1415,443
"03T","E38000099",246527,121772,124755,5982,6667,6090,6515,6517,7004,6628,6189,6646,8229,8783,8486,8123,9535,8083,5511,3854,2064,726,140,5789,6358,5907,6296,6087,6933,6486,6001,6782,8532,9233,8676,8570,9831,8092,6044,4389,2966,1341,442
"03V","E38000037",75569,37732,37837,2650,2748,2250,2052,2120,2700,3022,2777,2536,2822,2867,2437,1900,1673,1238,908,593,295,124,20,2465,2577,2146,2116,2204,2900,3186,2530,2293,2682,2730,2379,1922,1728,1399,1013,792,481,224,70
"03W","E38000051",326108,160711,165397,8695,9506,9308,9882,8272,8831,8728,9099,10211,12324,12598,11228,9866,10384,8312,5898,4185,2353,854,177,8183,9042,8789,8966,7887,9060,9109,9590,10671,12434,12769,11133,9902,10983,8786,6793,5434,3568,1741,557
"03X","E38000058",97417,48744,48673,2801,2824,2558,2668,2868,3151,3046,2955,3268,3806,3914,3314,2757,2911,2260,1665,1105,619,210,44,2584,2515,2419,2539,2755,3205,3113,2826,3126,3799,3788,3171,2760,2976,2383,1841,1420,886,428,139
"03Y","E38000071",102807,51195,51612,2723,2974,2696,2758,3091,3198,3076,2907,3152,4014,4003,3570,3097,3219,2769,1879,1170,633,203,63,2636,2691,2713,2744,2919,3172,3073,2699,3202,3889,3902,3361,3110,3259,2851,2037,1583,1068,523,180
"04C","E38000097",392608,199454,193154,13367,13622,12381,13165,18342,17198,17577,16108,13734,12819,11648,10646,8674,7081,4693,3651,2622,1413,546,167,12766,13089,11554,12869,19993,17137,16184,13511,11894,11573,10707,9867,8167,6936,5100,4438,3438,2358,1172,401
"04D","E38000100",234647,115304,119343,6710,6863,6158,7060,8513,7545,7335,6646,6869,8050,8422,7345,6362,6788,5639,4065,2770,1522,537,105,6380,6463,5813,7105,9225,7848,7491,6791,7002,8281,8424,7362,6484,7112,5954,4468,3337,2341,1087,375
"04E","E38000103",190769,94806,95963,5832,5811,5077,5082,5615,6432,6541,5960,6139,7201,7149,6358,5383,5451,4350,3002,1955,1035,366,67,5587,5693,4841,4866,5592,6682,6318,5853,5832,6952,7042,6181,5436,5513,4691,3470,2632,1751,797,234
"04F","E38000107",286385,143347,143038,10085,10800,9277,8389,7726,9766,11131,12183,11399,10990,9876,8384,6902,6241,4252,2817,1706,1000,360,63,9679,10259,8761,7946,7583,10674,11664,11805,10621,10197,9366,8085,7094,6579,4498,3206,2345,1589,873,214
"04G","E38000108",667411,333539,333872,20434,21931,19476,19285,19361,21617,22727,23193,23675,25980,25104,20659,17677,18161,13863,9159,6334,3375,1253,275,19632,20899,19031,18391,19638,22464,22868,22078,22738,24588,23598,20043,17651,19015,14351,10145,7603,5417,2754,968
"04H","E38000109",132433,65479,66954,3596,3818,3615,3730,3675,3902,3762,3682,4119,5165,5166,4524,3893,4303,3379,2363,1606,826,297,58,3374,3756,3475,3451,3685,3873,3822,3661,4200,5003,5114,4571,4079,4393,3660,2641,2010,1325,666,195
"04J","E38000115",291838,144617,147221,6933,7829,7482,7907,8068,8343,8060,7890,9267,11380,11787,10594,9419,9895,7862,5386,3695,1957,725,138,6954,7557,7142,7424,7568,8010,7719,7942,9031,11247,11536,10520,9424,10388,8329,6374,4756,3197,1583,520
"04K","E38000132",364445,188471,175974,11109,11162,9218,12169,24953,20473,16973,14057,11784,11379,10726,8753,6997,6371,4506,3388,2489,1383,484,97,10647,10460,8750,12785,25935,15498,13553,11057,9865,10130,9871,8317,6814,6168,4793,4135,3401,2333,1139,323
"04L","E38000133",150881,74365,76516,4412,4566,4054,3989,4029,4637,4637,4614,4684,5855,5853,5094,4196,4612,3450,2581,1795,894,344,69,4137,4208,3808,3836,4041,4937,4803,4659,4857,5691,5691,4995,4459,4730,3845,3069,2302,1532,688,228
"04M","E38000134",93701,46353,47348,2710,2711,2301,2407,2541,3116,3118,2899,3095,3689,3444,2997,2585,2873,2235,1603,1116,628,237,48,2512,2537,2246,2277,2479,3166,3139,2920,3003,3392,3537,2976,2650,3038,2391,1894,1523,995,485,188
"04N","E38000142",124707,61150,63557,3356,3786,3625,3438,3147,3321,3453,3805,4253,4703,4760,4129,3622,3864,2962,2082,1581,853,337,73,3187,3671,3281,3282,3245,3369,3697,4074,4267,4826,4731,4127,3739,3958,3309,2427,2014,1435,730,188
"04Q","E38000165",132719,65412,67307,3389,3722,3836,3836,3490,3548,3375,3373,3961,4962,5311,4634,4175,4415,3694,2604,1708,936,368,75,3273,3839,3620,3653,3315,3491,3591,3513,4226,5255,5323,4582,4112,4701,3883,2719,1998,1328,677,208
"04R","E38000169",546576,274994,271582,16137,17108,15866,16196,17381,18046,18461,18087,19126,21090,20310,17125,14926,15117,11676,8119,5680,3189,1139,215,15491,16369,14552,15235,16533,17629,17782,17175,17482,19880,19504,16524,14742,15537,12324,9261,7424,4990,2431,717
"04V","E38000201",380937,192131,188806,10427,10901,10464,11814,14682,12727,11883,11587,12353,14246,14031,12243,11098,11585,8810,6017,4030,2270,790,173,9878,10448,9714,10628,12585,11762,11779,11373,12113,13882,13534,12015,10963,11707,9220,6588,4973,3397,1723,524
"04X","E38000013",306987,157430,149557,11061,11902,10443,10090,12080,14117,14084,12939,11429,10712,9045,7760,6186,5058,3811,2954,2143,1132,392,92,10838,11066,9949,9666,13556,13356,12704,10853,9110,9004,7972,6914,5791,5303,4172,3451,2714,1970,893,275
"04Y","E38000028",132006,65789,66217,3680,3712,3591,3831,3947,4322,4065,3657,4323,5385,5297,4417,3734,3953,3249,2261,1363,737,222,43,3559,3628,3329,3562,3730,4180,4112,3713,4203,5170,5084,4269,3846,4102,3460,2578,1735,1194,570,193
"05A","E38000038",496402,252196,244206,15710,16059,14088,15996,22701,19872,19395,17887,16954,17901,16593,14219,11205,10383,8610,6322,4368,2655,1028,250,14833,15333,13277,15349,22989,18908,18343,16207,14859,15712,15015,12567,10781,10862,9357,7353,5711,3898,2103,749
"05C","E38000046",316479,157588,158891,9304,9354,8993,9145,9247,10073,9709,9431,10157,12301,11651,9935,8953,9148,7691,5653,3861,2122,702,158,8886,8934,8599,8545,9022,9975,9983,9208,9740,11561,11204,9646,8911,9415,8176,6499,5102,3460,1525,500
"05D","E38000053",139259,69579,69680,4051,4304,4052,3930,3981,4539,4627,4321,4491,5370,5333,4684,3932,3974,3123,2190,1534,808,280,55,3829,4192,3923,3841,3812,4567,4352,4054,4337,5209,5196,4445,3823,4044,3429,2545,2044,1322,559,157
"05F","E38000078",185266,91684,93582,4719,5121,4939,5005,4674,5173,4989,4884,5326,6494,7018,6592,6089,6547,5348,3845,2749,1512,548,112,4351,4717,4576,4719,4423,5293,5003,4841,5274,6717,6984,6610,6271,6793,5600,4163,3384,2297,1195,371
"05G","E38000126",216081,107849,108232,5305,5786,5563,6253,7291,6661,6381,6134,6780,8201,8096,7278,6593,7176,5685,3985,2686,1396,513,86,5003,5385,5272,5980,7435,6284,6039,5761,6561,7805,7825,7194,6637,7411,5780,4570,3477,2319,1124,370
"05H","E38000195",187896,93799,94097,5435,5532,4976,5196,5433,6134,6020,5609,6137,7191,7227,6255,5585,5830,4661,3113,2011,1065,321,68,5104,5402,4980,4997,5113,6160,5910,5496,5774,6955,6886,6104,5496,5984,4827,3598,2619,1686,777,229
"05J","E38000139",175494,87518,87976,5130,5442,4984,5149,4713,5466,5535,5582,5829,6564,6542,5708,5275,5387,4127,2728,1821,1085,372,79,4874,4971,4681,4809,4614,5591,5583,5549,5605,6290,6375,5759,5502,5409,4279,3023,2344,1654,811,253
"05L","E38000144",571048,293921,277127,20346,20593,18771,18138,20966,25670,25267,23227,21573,21286,18366,15288,12186,9978,8016,6361,4515,2395,790,189,19019,19733,17485,17369,21863,23782,23285,19657,17303,17810,16758,13572,11395,10203,8662,7486,5858,3752,1580,555
"05N","E38000147",305550,151012,154538,7403,8013,8117,9123,7926,8171,7850,7556,8890,11302,11830,10827,9960,10781,8949,6462,4393,2407,854,198,6875,7657,7880,8423,7249,7983,7669,7717,9125,11379,11883,10827,10104,11294,9592,7235,5311,3693,2005,637
"05P","E38000149",245441,120807,124634,7366,7700,7252,7313,6776,7478,7501,7368,7806,9264,9158,7870,6313,6798,5584,3921,2801,1743,658,137,6956,7215,6791,6685,6783,7675,7861,7505,7936,9113,9077,7797,6593,7292,6251,4651,3919,2765,1326,443
"05Q","E38000153",217356,107861,109495,5824,6296,6080,6095,5853,6743,6551,6378,7161,8480,8152,7142,6539,6808,5581,3925,2448,1285,421,99,5548,5999,5581,5729,5733,6519,6460,6372,7036,8127,8181,7356,6752,7083,6047,4451,3205,2058,964,294
"05R","E38000164",279502,140338,139164,7084,7722,7390,7457,6897,9069,9160,9473,9774,10771,10952,9426,8119,8461,7181,5008,3509,1972,737,176,6778,7330,7108,6845,6634,8436,8453,8581,9127,10407,10485,9055,8134,8899,7611,5607,4415,3143,1570,546
"05T","E38000166",304099,150490,153609,7888,8361,8277,8624,8412,8882,8785,8878,9366,11337,11743,10304,9168,9889,7744,5704,4019,2169,773,167,7417,8026,7938,8530,8426,8802,8694,8699,9344,11186,11455,10083,9456,10168,8401,6410,4919,3366,1710,579
"05V","E38000173",147259,73928,73331,3749,4027,3765,3906,4280,4531,4566,4320,4727,5687,5611,5063,4459,4831,4068,2953,1923,1024,364,74,3466,3914,3633,3614,3707,4192,4189,4132,4589,5462,5527,4929,4522,5092,4445,3155,2321,1465,721,256
"05W","E38000175",287146,145434,141712,9398,9469,8208,8038,9387,11160,10754,9718,9587,10577,10064,8973,7743,7523,5861,4206,2751,1465,482,70,8943,9425,7716,7678,9200,10596,9948,8648,8525,9621,9316,8381,7383,7542,6121,4945,3770,2514,1125,315
"05X","E38000183",181520,90851,90669,5693,6039,5366,5712,6066,6031,5971,5739,6114,7002,6687,5620,4929,4783,3733,2625,1609,829,251,52,5331,5705,5230,5396,5959,6005,5904,5557,5826,6742,6526,5526,4905,5109,3986,2908,2062,1221,572,199
"05Y","E38000191",280178,139705,140473,9553,9914,9076,8673,8559,9482,9471,9037,9043,10206,9557,8374,7139,6734,5485,4336,2898,1533,507,128,8974,9367,8574,8255,8638,9883,9802,8671,8431,9601,9202,8151,6936,6985,6001,5019,3965,2497,1167,354
"06A","E38000210",272156,136824,135332,9032,9167,8047,8071,8878,10025,10074,9464,9691,10283,9408,7919,6617,6179,4798,3944,2832,1604,621,170,8471,8821,7676,7692,8716,10150,9892,8955,8477,9401,8844,7660,6577,6239,5207,4622,3720,2593,1204,415
"06D","E38000211",114827,57167,57660,3018,3203,3061,2999,2908,3192,3163,3072,3619,4404,4368,3763,3493,4251,3548,2367,1576,822,283,57,2891,2990,2810,2891,2782,3118,3065,3032,3508,4391,4230,3638,3631,4405,3710,2642,1904,1187,634,201
"06F","E38000010",468095,233665,234430,14855,15311,13862,13525,13102,14647,15381,16014,16213,17965,17968,15470,12369,12507,9416,6691,4641,2600,940,188,14116,14733,12936,12358,12382,15082,16076,16261,15819,17229,17440,14611,12525,13180,10043,7488,5969,3825,1765,592
"06H","E38000026",937196,472587,464609,28311,29317,25660,27279,33219,37335,36723,35235,33179,33423,32130,27670,22911,23277,17953,12649,8872,5093,1945,406,26839,27632,23967,26265,32462,35554,34778,31867,30637,31862,30814,26617,23810,24281,18916,14329,11107,7757,3818,1297
"06K","E38000049",589511,292870,296641,18179,18839,17207,17293,17836,18810,19474,20246,20776,22665,22807,19115,15059,14254,10846,8117,6237,3582,1267,261,17171,18083,16345,16486,17436,19216,20366,20298,20365,21941,21886,18058,14685,15083,12080,9826,8239,5548,2689,840
"06L","E38000086",401932,199816,202116,10835,11811,11474,11667,10523,11873,12438,12490,12763,14392,14714,13184,11800,12892,10015,7275,5236,3085,1090,259,10404,11222,10882,11002,10306,12079,11904,11771,12383,14234,14523,13223,12118,13378,10536,8009,6476,4547,2328,791
"06M","E38000063",237472,118425,119047,6144,6595,6078,6580,6844,7457,6942,6601,6934,8252,8403,7745,7262,8434,7002,4951,3368,1944,715,174,5805,6328,5925,6241,6353,6866,6422,6035,6746,8123,8408,7676,7618,8684,7342,5276,4234,3012,1436,517
"06N","E38000079",635938,315770,320168,20279,21710,19186,18006,15875,19493,21519,24219,24868,24978,24272,19993,15836,14589,11149,8053,6244,3692,1488,321,19748,20595,18434,17226,16097,20623,23026,24385,23371,23670,22705,18885,15550,15645,12312,9767,8203,5868,2983,1075
"06P","E38000102",229450,117523,111927,9062,9079,7969,7107,7278,9271,10190,10076,8570,8138,7515,6194,4846,3942,2859,2422,1743,870,322,70,8470,8651,7450,6790,7756,9714,10050,8701,7149,6928,6637,5408,4432,3821,3146,2703,2115,1271,548,187
"06Q","E38000106",385617,190528,195089,11046,11759,11277,11346,10470,11332,11525,11732,12955,14585,14456,12310,10966,11663,9150,6128,4384,2402,879,163,10089,11212,10691,10489,10397,11856,11774,12294,13150,14777,14239,12322,11120,12350,9577,7058,5376,3805,1867,646
"06T","E38000117",343122,168025,175097,9622,9972,9060,10051,11689,10669,9650,9688,10155,11695,11532,10279,9233,10941,9097,6537,4507,2533,925,190,9123,9498,8647,9468,11914,10634,10007,10032,10327,11698,11833,10486,9994,11931,9826,7364,5731,3906,2009,669
"06V","E38000124",172056,84181,87875,3672,4199,4222,4407,4055,3998,3792,3879,4623,5856,6165,5932,5914,7292,6112,4261,3183,1802,678,139,3566,3978,3912,4258,3743,3810,3894,3984,4768,5975,6378,6358,6488,7725,6203,4677,3739,2651,1305,463
"06W","E38000131",217459,108158,109301,6046,5970,4970,5873,9575,9297,8782,7927,7560,7516,7088,5889,5086,5293,3987,3057,2265,1363,498,116,5715,5615,4774,6184,11601,9420,8200,7086,6450,6701,6454,5710,5313,5505,4312,3525,3037,2262,1074,363
"06Y","E38000159",235782,116475,119307,6454,6828,6433,6774,5894,6586,6589,6599,7211,8492,8728,7672,6843,7962,6647,4798,3279,1856,693,137,6378,6337,5976,6362,5852,6679,6682,6713,7481,8565,8742,7810,7255,8379,6738,5084,3893,2673,1274,434
"07G","E38000185",172272,85245,87027,6434,6437,5630,5222,5025,5629,6040,6104,6227,6463,6150,4857,4018,4022,2756,1908,1257,764,265,37,5949,6222,5207,5020,5103,6249,6821,6516,6166,6181,5781,4628,3934,4121,3073,2338,1755,1192,598,173
"07H","E38000197",306338,150440,155898,9705,10134,9081,8794,8131,9051,9686,10353,10264,11399,11358,10021,8239,8005,5981,4220,3198,1957,722,141,9274,9531,8500,8050,7968,9959,10785,10681,10396,11591,11472,9745,8329,8303,6677,5059,4306,3154,1577,541
"07J","E38000203",173223,84992,88231,4409,4612,4377,4379,4552,4951,4678,4486,4999,5809,6186,5715,5340,6230,5350,3843,2851,1528,597,100,4269,4495,4045,4330,4313,5071,4692,4385,5043,5886,6235,5908,5847,6714,5629,4360,3313,2258,1105,333
"07K","E38000204",246895,122389,124506,6453,6943,6607,6627,6248,7167,7453,7596,7981,9388,9240,7990,7122,8192,6652,4828,3287,1803,673,139,6222,6661,6366,6182,6189,7388,7313,7296,7820,8991,9132,7941,7612,8801,7191,5136,3874,2662,1313,416
"07L","E38000004",216647,107878,108769,9697,9925,7837,6767,6488,8209,9251,9260,8523,7795,6743,5336,3667,2948,1866,1523,1071,663,254,55,9302,9549,7563,6471,6933,9359,10289,9378,7761,7018,6123,4760,3613,3060,2273,1945,1573,1120,535,144
"07M","E38000005",408443,198196,210247,13693,13829,12036,10858,11583,16135,17326,17103,15212,13826,12523,10753,8745,7901,5837,4331,3450,1987,854,214,13076,13344,11534,10590,13937,18200,18824,17378,14918,13818,12818,11014,9215,8844,6994,5470,4509,3283,1806,675
"07N","E38000011",235740,113904,121836,7846,8047,7133,7151,6872,7534,7260,7598,7523,8292,8430,7163,5695,5477,4115,3281,2446,1400,525,116,7375,7723,6833,6796,7035,8444,8506,8324,7971,8713,8849,7266,5886,6026,4945,4130,3322,2277,1073,342
"07P","E38000020",364648,187904,176744,11798,11677,10528,9988,11322,17722,20434,18413,15143,13957,12273,9867,7554,5672,4062,3391,2423,1173,413,94,11268,11197,9975,9603,11781,17392,17833,15317,12536,11759,11160,9343,7240,5926,4709,3922,3047,1713,767,256
"07Q","E38000023",343082,167860,175222,10738,11148,10016,9444,8562,9991,10988,12260,12710,13245,12985,10780,8430,8621,6383,4657,3663,2206,852,181,10264,10742,9498,8916,8655,11101,12104,13264,12507,13000,12629,10446,8639,9310,7274,5989,4999,3546,1733,606
"07R","E38000027",266916,129725,137191,6343,6177,5410,5835,12730,16421,16689,13765,10370,8596,7030,5444,4186,3624,2745,1932,1337,750,280,61,5989,5948,5455,6653,19608,19683,16201,11708,8948,7573,6372,5270,4352,4081,3235,2421,1760,1139,595,200
"07T","E38000035",305029,150922,154107,10736,10099,8615,7665,8556,15770,19197,16091,12258,10757,9389,7015,4858,3602,2318,1840,1271,634,212,39,10324,9740,8248,7543,10686,20546,20946,14983,10597,9143,8459,6464,4852,3746,2635,2152,1506,954,452,131
"07V","E38000040",403100,202130,200970,13763,13848,11942,12351,11874,15106,16659,16688,15342,15174,14939,12018,9100,7920,5553,4258,3189,1666,607,133,13309,13179,11470,11263,11837,16196,17319,15778,13848,14282,14225,11277,8952,8143,6288,5234,3936,2615,1344,475
"07W","E38000048",424791,220080,204711,14022,14360,12218,11472,12520,19641,22882,22525,18852,16547,14358,11330,8623,7131,4794,3985,2774,1372,547,127,13170,13605,11564,10696,13258,19308,20587,18511,15092,13451,12254,10374,8515,7258,5554,4619,3445,2102,1017,331
"07X","E38000057",327989,159493,168496,11835,12451,10787,10218,9462,11243,11960,12392,11471,11691,11066,9324,6851,5982,4555,3590,2578,1453,477,107,11300,11782,10485,9724,10047,13211,13900,13287,11760,11815,11213,9294,7299,6493,5254,4507,3460,2218,1101,346
"07Y","E38000084",303277,155747,147530,10622,10444,8538,7742,8170,13670,17190,16391,13110,11058,9781,7982,6093,5200,3636,2786,1907,1014,339,74,10196,9673,8023,7318,8742,13610,15533,13816,10613,9784,8856,7520,6184,5513,4055,3164,2405,1528,743,254
"08A","E38000066",285751,139942,145809,11203,10403,8238,7554,8438,11628,12806,12487,10936,10558,9348,7591,5603,4671,3336,2364,1629,827,259,63,10687,9968,8029,7613,9821,13559,14582,13121,10734,9922,8784,7153,5512,4931,3802,2946,2237,1452,721,235
"08C","E38000070",207558,102626,104932,5623,5519,4687,4105,5822,11437,13950,11616,8860,7385,6350,4775,3580,3094,2213,1619,1111,604,215,61,5516,5387,4564,4238,7930,15004,13118,9729,7635,6906,5813,4476,3692,3294,2609,2127,1392,936,422,144
"08D","E38000072",307961,152065,155896,9602,9281,8334,7891,8734,14523,16368,15142,12947,11804,10697,7916,5714,4499,3148,2606,1702,824,275,58,9238,9164,8065,7651,10600,17063,16871,14226,11855,10987,10099,7808,6026,5152,3796,3030,2196,1338,536,195
"08E","E38000074",260151,130155,129996,8380,8497,7566,7884,7747,10620,11721,11546,9516,8499,8167,7135,6117,5182,4003,3317,2376,1262,510,110,8192,8145,6956,6728,8012,10770,11731,10342,8290,8354,8172,7250,6378,5750,4715,3930,2995,2025,906,355
"08F","E38000077",272542,132377,140165,8665,8635,7600,7680,7938,9027,9111,8899,8537,9505,9641,8702,6926,6930,5136,3817,3063,1828,626,111,8414,8179,7457,7540,8058,9854,10045,9262,8591,9537,9767,8693,7047,7491,6094,4958,4300,3061,1385,432
"08G","E38000082",303303,153924,149379,10642,10398,8870,9199,10839,11481,12601,12905,11422,11190,10641,8766,6903,5825,4351,3278,2547,1411,538,117,9920,10134,8370,8564,10207,11857,12682,11822,9958,10007,9522,7983,6442,6094,4776,4062,3424,2179,1025,351
"08H","E38000088",240188,117823,122365,6646,5864,4933,4915,7371,14048,16613,12808,9431,8465,7554,5475,4134,3420,2337,1779,1134,628,233,35,6189,5703,4730,4941,9743,18394,17410,11550,8229,7482,6962,5342,4085,3577,2750,2144,1593,980,424,137
"08J","E38000090",202643,100864,101779,6407,6442,5505,5121,7113,7447,8138,9055,8693,8171,7068,5582,4286,4046,2969,2039,1487,863,331,101,6218,6288,5486,5558,9137,7896,8349,8399,7795,6858,6322,5140,4268,4200,3129,2412,1902,1401,748,273
"08K","E38000092",392477,198025,194452,10980,10264,8959,8673,11606,24098,25683,21406,17138,15567,13520,9818,6560,4919,3259,2523,1742,923,296,91,10461,9934,8752,8379,15169,29982,24595,18101,13774,12599,11602,8777,6219,4923,3739,3068,2185,1395,604,194
"08L","E38000098",318460,156102,162358,11464,10374,8620,8135,9264,13785,16143,15310,12899,11972,10927,8324,5669,4409,3148,2514,1809,925,319,92,10800,10169,8346,7984,11127,16623,17270,15168,11972,11353,10962,8156,5767,4687,3798,3240,2350,1620,704,262
"08M","E38000113",381187,198346,182841,14649,13704,11648,10835,13131,22887,25143,20597,15656,13504,10861,8639,6025,3997,2526,2172,1438,677,213,44,14151,13424,11424,10584,14858,21600,20965,16096,12354,11101,9545,7583,5735,4413,3086,2635,1746,958,453,130
"08N","E38000138",305972,152301,153671,11775,11249,10057,9143,8673,12369,14067,13725,11361,10328,9284,7930,6194,5427,3756,2979,2190,1196,495,103,11056,10740,9387,8562,9229,13475,14938,13178,10362,9798,8911,7800,6486,5711,4387,3560,2839,1983,969,300
"08P","E38000140",212129,105595,106534,6894,7453,5992,5116,4688,5921,7429,9573,10120,9325,8505,6361,4870,4711,3429,2261,1538,918,389,102,6768,7041,5978,5202,5577,6630,8152,9622,9073,8247,7240,5894,4833,5020,3807,2647,2066,1568,874,295
"08Q","E38000171",317609,158805,158804,10076,9423,7767,7248,10248,17638,18709,16337,13297,12358,10896,8301,5374,4043,2698,2086,1278,718,252,58,9739,9095,7498,7326,12974,20166,18435,14840,11748,10600,9835,7465,5237,4185,3087,2637,1954,1247,586,150
"08R","E38000105",222440,112435,110005,7432,7547,6103,5385,5817,8919,11081,11514,9948,8636,7485,6028,4605,4053,2803,2265,1539,876,320,79,7137,7140,5891,5273,6423,9902,10883,10184,8181,7392,6826,5622,4656,4222,3118,2677,2063,1445,709,261
"08T","E38000179",191019,94338,96681,6625,6764,5638,5416,5177,6045,6756,7489,7423,7329,7122,5657,4414,4021,3070,2246,1680,1042,344,80,6074,6221,5418,5096,5071,6646,7489,7738,7012,7068,6920,5469,4454,4472,3561,2764,2428,1682,810,288
"08V","E38000186",302996,155562,147434,10555,9352,8110,7493,11647,21783,22918,17949,12509,9338,6959,5547,3696,2508,1692,1561,1093,641,166,45,9995,9008,8036,7592,14742,24176,21299,13999,8975,6477,5402,4461,3676,2851,2092,1890,1398,894,365,106
"08W","E38000192",303589,153186,150403,11239,10475,8880,8146,9090,13559,15707,14756,12594,11667,9935,7944,5709,4488,3216,2664,1764,969,307,77,10710,9930,8438,7811,9723,14830,15510,13568,11099,10222,9426,7346,5791,4745,3714,3007,2207,1355,720,251
"08X","E38000193",388232,192808,195424,12301,10941,8337,7321,9928,21605,25945,23666,18395,13935,11435,8272,5945,5125,3574,2853,1855,958,345,72,11993,10511,8135,7400,14647,28384,26450,20091,13987,11585,9981,7545,6194,5687,4290,3389,2520,1578,797,260
"08Y","E38000202",240750,120423,120327,6195,6102,5273,4716,6037,9767,12355,12672,11772,10774,9579,7028,5124,4511,3326,2382,1578,835,305,92,5852,5923,5163,4843,7611,13379,14165,11723,9516,8524,7604,5973,5062,4683,3674,2726,1791,1237,625,253
"09A","E38000031",209807,109007,100800,4557,4358,3695,4618,10517,11914,12264,11538,9960,8639,7382,5572,3939,3366,2587,1725,1249,780,269,78,4442,4176,3651,5003,12743,12146,11443,8810,7028,5981,5389,4504,3745,3442,2732,2105,1638,1127,524,171
"09C","E38000002",129746,63731,66015,3982,4207,4055,4370,3652,3889,3807,3870,4039,4890,4715,3971,3352,3640,2928,1970,1318,730,296,50,3798,4217,3869,3749,3595,4263,4134,4057,4280,5044,4741,3892,3468,3967,3161,2201,1684,1106,565,224
"09D","E38000021",311413,156444,154969,7487,8014,7080,8214,13138,14302,13507,13064,13028,12986,11675,8833,6765,6311,4441,3227,2307,1398,512,155,7218,7673,7049,9196,16065,13992,12813,11873,11424,11298,10171,7662,6342,6145,4797,3858,3198,2386,1300,509
"09E","E38000029",220307,107435,112872,5092,5655,5833,7773,11180,7573,6264,5732,6009,6828,7176,6363,5864,6520,5145,3813,2437,1475,575,128,4737,5372,5327,8023,12777,7094,6037,5729,6291,7039,7313,6644,6138,7118,5726,4173,3271,2405,1242,416
"09F","E38000055",193647,93602,100045,4846,5403,4802,5415,5195,5363,5145,5138,5434,6455,6661,6196,5434,6515,5357,4136,3132,1949,841,185,4827,4811,4648,5228,5130,5487,5407,5245,5545,6399,6898,6287,6183,7297,6234,4831,4095,3235,1660,598
"09G","E38000213",507527,247415,260112,12772,13990,12951,13386,13378,14093,13702,13771,14902,17858,18542,16498,14944,16855,14362,10618,7759,4742,1865,427,12262,12758,12062,12873,13100,13898,13668,14091,15296,17808,18635,16921,15861,18872,16119,12613,10136,7562,4095,1482
"09H","E38000039",130632,65661,64971,4618,4507,3919,3730,3714,4672,5498,5426,4901,4962,4651,3993,3141,2745,1878,1333,990,689,237,57,4133,4251,3593,3506,3820,5175,5510,5147,4338,4530,4260,3830,3074,2892,2024,1561,1503,1195,509,120
"09J","E38000043",262314,128686,133628,8708,8823,7926,7719,7336,8472,8849,8819,8531,9469,9428,7857,6614,6463,5013,3702,2764,1549,527,117,8514,8599,7503,7217,7508,9427,9714,8957,8503,9494,9210,7786,6700,7016,5583,4460,3707,2345,1055,330
"09L","E38000054",180482,89254,91228,5861,6108,5193,5113,4370,5220,5624,6578,6768,7102,6953,5653,4703,4627,3475,2448,1768,1121,466,103,5436,5782,5175,4907,4222,5505,6239,6693,6493,6850,6574,5419,4663,4804,3842,2923,2529,1831,981,360
"09N","E38000214",221948,109902,112046,5901,6778,6347,7238,7103,6611,6732,7304,7939,8341,8332,7075,5835,5712,4580,3191,2573,1529,634,147,5528,6381,6110,7317,7793,6550,6424,7099,7612,7908,8080,6912,5664,6192,4998,3920,3307,2388,1351,512
"09P","E38000076",187199,91618,95581,4771,5178,4902,5284,5004,5059,4887,4748,5287,6524,7120,6239,5781,6745,5362,3716,2693,1550,629,139,4436,4948,4516,5103,4669,5301,4869,4842,5376,6591,6852,6412,6224,7285,5796,4407,3526,2578,1350,500
"09W","E38000104",295753,145648,150105,9807,9940,8949,9276,8786,9847,9889,9576,9452,10709,10823,9162,7813,7645,5666,3942,2563,1310,403,90,9167,9546,8888,8685,9262,10599,10319,10069,9563,10563,10676,9317,7806,8191,5978,4559,3388,2194,1002,333
"09X","E38000083",236596,116600,119996,6733,7265,7048,7294,5624,6243,6731,7461,8276,9239,9292,7957,6613,6672,5299,3505,2743,1790,674,141,6227,7191,6737,6692,5408,6314,6925,7735,8363,9302,9062,7783,6662,7111,5844,4262,3700,2754,1423,501
"09Y","E38000128",367856,183390,184466,11718,12086,10463,9583,9024,11126,12571,14346,14294,14454,14376,11773,9292,8678,6914,5078,4048,2316,1003,247,11279,11445,9822,9064,9424,11842,13348,13869,13579,13626,13145,11042,8872,9176,7501,6087,5145,3639,1909,652
"10A","E38000156",202429,98875,103554,5434,5866,5661,6021,5471,5508,5101,5263,5562,7014,7589,6806,6209,7118,5541,3940,2697,1431,512,131,5348,5763,5183,5608,5387,5849,5606,5585,6065,7043,7396,6985,6580,7307,6003,4377,3381,2421,1220,447
"10C","E38000178",95857,47571,48286,2834,2949,2787,2708,2465,2840,2955,3246,3504,3866,3805,3181,2562,2455,2032,1433,1083,612,201,53,2592,2884,2635,2560,2519,2908,3059,3332,3480,3712,3604,3029,2561,2670,2151,1664,1451,884,438,153
"10D","E38000180",110900,55005,55895,3734,3781,3369,3349,3278,3542,3477,3278,3424,3859,4058,3441,3013,3313,2516,1672,1095,583,194,29,3426,3507,3195,3234,3260,3771,3672,3407,3460,3869,3945,3472,2949,3456,2604,1837,1363,933,391,144
"10E","E38000184",144319,70194,74125,4308,4452,4251,4392,3944,4132,3927,3891,4031,4703,4984,4510,4102,4779,3791,2646,1800,1063,392,96,3954,4228,3818,3962,4108,4540,4247,4052,4309,4889,5042,4688,4534,5109,4173,3061,2371,1803,902,335
"10G","E38000017",140437,69863,70574,4175,4612,4488,4556,3655,4176,4575,4967,5374,5623,5617,4719,3684,3309,2414,1688,1258,673,243,57,3860,4462,4295,4516,3613,4394,4772,5193,5179,5447,5403,4604,3538,3394,2670,2004,1534,1048,502,146
"10H","E38000033",339587,167173,172414,10011,11235,10568,9808,8659,9520,9829,11126,11927,12943,13094,11046,9199,8777,7044,5292,3950,2178,793,174,9675,10726,10292,9548,8946,10207,10454,11644,11889,13031,12454,10865,9035,9260,7821,6062,4975,3334,1629,567
"10J","E38000120",223201,111221,111980,6878,7169,6470,6331,5749,6760,7411,7751,8148,8961,8756,7287,5796,5962,4660,3216,2198,1159,458,101,6410,6747,6078,5965,5661,7178,7746,7781,7839,8527,8551,7086,5843,6364,4917,3635,2645,1795,902,310
"10K","E38000059",203623,99712,103911,5628,6048,5584,5906,5620,5768,5638,5433,5982,7240,7810,7267,5931,6366,5052,3631,2653,1515,531,109,5424,5666,5256,5345,5207,5937,6076,5922,6495,7585,7910,7049,6015,6746,5720,4230,3536,2318,1141,333
"10L","E38000087",143023,69874,73149,3403,3605,3549,3940,3596,3836,3579,3496,3768,4823,5261,4810,4691,5595,4767,3133,2185,1206,505,126,3163,3359,3342,3606,3380,3740,3490,3559,3996,5134,5403,5091,5220,5855,5044,3488,2782,2002,1094,401
"10M","E38000110",118064,59056,59008,3502,3782,3617,3690,3013,3462,3802,3955,4265,4853,4550,3970,3193,3197,2476,1611,1149,664,258,47,3290,3640,3504,3568,2846,3593,3811,3861,4193,4602,4307,3711,3215,3389,2573,1786,1446,988,521,164
"10N","E38000114",110008,54836,55172,3512,3754,3188,3019,2646,3269,3740,4231,4281,4303,4175,3474,2813,2745,2083,1584,1076,662,240,41,3295,3628,2995,2867,2584,3596,3956,4182,4124,4029,3850,3245,2836,2910,2334,1797,1365,912,518,149
"10Q","E38000136",717856,358734,359122,20162,21398,20135,22211,27132,26714,25583,24500,23893,25962,26012,21880,17869,17852,13764,10132,7421,4229,1578,307,18786,20285,18838,21383,27184,26173,25503,23688,23004,25232,24850,21233,17952,18403,15210,11653,9030,6343,3278,1094
"10R","E38000137",222611,112173,110438,6741,6651,5715,6667,11125,9019,9207,8201,7459,7821,7626,6491,5091,4858,3641,2510,1851,989,423,87,6614,6328,5411,6415,10749,9413,8853,7228,6637,7195,7126,6008,5005,4817,3908,3103,2503,1821,964,340
"10T","E38000148",154726,78727,75999,6391,6534,5210,4506,4377,6138,7440,7493,6479,5610,4680,4094,3223,2276,1430,1286,921,451,154,34,6100,6297,4970,4304,4564,6486,7895,7131,5423,4716,4183,3621,2803,2220,1620,1415,1156,714,278,103
"10V","E38000154",212932,104378,108554,5746,6091,5873,6068,5717,5975,5850,5502,6251,7520,8185,7599,6490,6622,5460,3984,2972,1714,637,122,5404,5794,5655,5820,5425,6041,5825,5810,6285,7992,8355,7625,6501,7154,6055,4772,3778,2583,1257,423
"10W","E38000160",139894,71506,68388,4636,4262,3391,3931,6717,7142,7381,7002,5684,4970,4273,3439,2533,2021,1536,1169,794,431,156,38,4417,4140,3251,4395,8205,7231,7088,5570,4241,4005,3664,2889,2321,2055,1575,1272,1016,631,311,111
"10X","E38000167",275894,141514,134380,8579,8299,6608,8263,14863,12795,12365,11486,10063,9012,8742,7444,6161,5617,4281,2996,2080,1259,511,90,7904,7784,6275,8026,15403,12533,11157,9548,7889,7700,7664,6912,5777,5732,4516,3399,2793,2062,967,339
"10Y","E38000003",209871,103810,106061,6494,6880,6429,6447,5363,5950,6070,6565,7219,8183,8349,7189,5826,5720,4276,3073,2171,1107,390,109,6158,6590,6142,5886,5266,6278,6561,6960,7367,8267,8072,6951,5820,5942,4706,3349,2654,1803,951,338
"11A","E38000198",554310,270999,283311,14534,15905,15417,15788,14390,14886,14657,15533,17185,19991,20887,18994,16432,17548,14336,10325,7592,4533,1688,378,14016,15375,14502,14876,14982,15367,15316,16257,17645,20315,21382,18817,17018,18960,15495,11795,9533,6923,3529,1208
"11C","E38000207",154144,76782,77362,4546,4850,4443,5090,4565,4576,5034,5796,6029,6105,5739,4750,3751,3736,2792,2104,1537,926,346,67,4270,4525,4035,4366,5585,4845,5526,5763,5518,5613,5236,4428,3843,3841,3094,2445,2017,1428,733,251
"11D","E38000209",160844,80037,80807,4935,5495,5076,4616,3779,4354,4613,5719,6362,6476,6249,5395,4225,4193,3208,2390,1680,921,289,62,4673,5129,4820,4216,3713,4341,5024,6002,6119,6265,6029,5143,4240,4484,3604,2694,2144,1300,665,202
"11E","E38000009",198584,96436,102148,5054,5451,5396,6807,9183,5763,5277,5256,5809,6604,6829,6189,5462,5588,4317,3184,2271,1348,530,118,4777,5196,5047,6977,10165,6462,5726,5595,6122,6989,6999,6035,5422,5716,4695,3683,2934,2171,1082,355
"11H","E38000022",498642,250046,248596,15885,14904,12168,13647,22393,22958,23611,21086,17851,16952,15792,12939,10556,9830,7275,5257,3696,2197,876,173,15227,14361,11827,13955,24620,24609,23311,18993,15492,14730,14494,12220,10228,9752,7669,6088,5025,3485,1867,643
"11J","E38000045",789957,389179,400778,19476,20717,19506,21564,22266,23446,23178,23442,24035,27805,28712,26106,23149,26181,21502,15568,11758,7205,2879,684,18486,19858,18696,21015,22981,23334,23307,22224,22976,26747,27899,26209,24426,28131,23053,17630,14860,11175,5692,2079
"11M","E38000062",635345,312234,323111,17524,18662,17414,18743,18460,18267,18406,17992,19397,23159,24043,21390,18726,19374,15356,11215,7638,4374,1747,347,16651,18048,16824,18253,17850,19253,19061,18899,19990,23327,24377,21299,18935,20172,16381,12287,9788,6861,3672,1183
"11N","E38000089",563362,274751,288611,14525,15595,14548,15529,15907,15260,14477,14653,15864,18728,20175,19091,18072,20608,16618,11168,7744,4349,1477,363,13955,14580,13942,14925,15942,15537,15277,15256,16955,20083,21084,19783,19181,21795,17419,12325,9523,6551,3349,1149
"11T","E38000125",217100,106416,110684,5998,6623,5940,5942,5261,5727,5915,6306,6985,7995,8216,6828,6280,7066,5842,4079,2910,1691,667,145,5645,6106,5744,5629,5217,5914,6342,6608,6939,7927,7862,7139,6650,7625,6289,4721,3775,2577,1435,540
"11X","E38000150",565442,278612,286830,14703,15822,15661,17200,14826,15791,15499,14707,16399,20206,21138,19033,17301,19509,15444,10912,7741,4647,1690,383,14018,15290,14863,15837,14164,15956,15208,15099,16786,20203,21161,19447,18273,20230,16477,12245,9635,6969,3740,1229
"12A","E38000155",265835,131683,134152,8098,8374,7507,7747,7632,8597,8661,8682,8885,9966,10088,8378,6816,6992,5724,4161,2991,1674,579,131,7715,7931,7240,7157,7361,8933,8941,8848,8643,10056,9971,8096,6968,7307,6296,4785,3863,2515,1142,384
"12D","E38000181",227132,111719,115413,7974,7975,6807,6400,6306,6752,7524,7678,7945,8398,8494,7417,5885,5437,4030,2923,2059,1208,432,75,7564,7597,6363,6331,6327,8133,8737,8235,8072,8432,8240,6875,5735,5515,4326,3344,2630,1812,881,264
"12F","E38000208",334548,164727,169821,9524,10016,9436,9322,9492,10602,9955,9593,10314,11927,12455,11510,9929,10272,7673,5571,3944,2266,744,182,8860,9535,8988,8952,8927,10433,10271,9604,10468,12025,12743,11455,10304,10599,8328,6864,5413,3695,1740,617
"13P","E38000012",714704,359556,355148,24696,25878,23185,23264,24795,26696,27254,26233,25211,25343,23593,20306,16179,14792,11587,8676,6423,3795,1343,307,23236,24774,22456,22602,25073,26727,26428,23876,21839,23332,22603,19084,16025,15237,12682,10454,8887,6014,2852,967
"13T","E38000212",513335,260246,253089,14180,14374,12593,15096,24565,24028,21221,18112,16572,17290,17549,15488,12844,12327,8671,6723,4951,2596,891,175,13362,13719,12203,14956,25095,21378,18600,15552,14558,15697,16477,14825,12618,12577,9532,8516,6619,4216,1962,627
"99A","E38000101",514824,258323,256501,14828,14399,12534,14514,23448,22933,21239,18287,16778,17665,18124,16267,13341,11827,8106,6404,4509,2300,703,117,14198,13717,12144,15098,25747,21678,19542,16002,14551,16060,17601,15986,13133,12197,9005,7783,6165,3825,1619,450
"99C","E38000127",217366,106650,110716,6110,6449,5846,5819,5810,6687,6933,7229,7249,7863,8254,7304,6520,6357,4556,3293,2488,1351,443,89,5719,5934,5531,5433,5703,6893,7452,7308,7277,7878,8109,7580,6694,6802,4980,4228,3399,2394,1052,350
"99D","E38000157",164652,80859,83793,4354,4751,4334,4596,4054,4569,4681,4666,5066,6062,6158,5502,4887,5493,4367,3201,2247,1300,458,113,4172,4423,4310,4311,4107,4698,4696,4774,5269,6150,6188,5508,5136,5827,4689,3601,2779,1918,929,308
"99E","E38000007",275453,135697,139756,8799,8758,8277,8058,7766,8958,9110,9047,9208,10264,9983,8719,6955,7124,5394,3841,3036,1688,597,115,8295,8400,7794,7660,7617,9191,9643,9182,9074,10107,9941,8457,7315,7711,6105,4876,4089,2652,1239,408
"99F","E38000030",184078,90650,93428,4601,4974,5023,5395,5333,5298,4942,4862,5570,6860,7023,6188,5252,6193,4991,3598,2639,1321,479,108,4271,4855,4746,5102,5016,5216,4939,5008,5763,6839,6856,5999,5571,6787,5640,4238,3250,2038,1021,273
"99G","E38000168",185948,92601,93347,5541,5834,5162,5304,5190,5764,6232,6416,6583,7008,7062,6081,4864,5045,3887,2770,2056,1216,478,108,5349,5496,4849,4977,5220,5972,6261,6175,6329,6591,6527,5635,4828,5298,4314,3194,2700,2089,1105,438
"99H","E38000177",304251,149649,154602,8434,9831,9179,9201,7389,7725,8174,9725,10983,11877,12032,10282,8288,8345,6598,4655,3675,2201,839,216,8253,9344,8944,8557,7668,7922,8541,10313,10950,11740,11631,9950,8308,8782,7311,5664,4723,3476,1836,689
"99J","E38000199",481447,236094,245353,14554,16147,14860,14441,11926,13296,13774,14639,16453,18273,18128,15194,12694,13511,10803,7455,5516,3142,1049,239,13674,14911,14279,13864,11959,14277,14739,15710,17074,18559,18252,15215,12949,14407,11598,8837,7020,4886,2343,800
"99K","E38000081",168956,82730,86226,4132,5078,5066,4866,4250,4250,4047,4201,5102,6313,6708,6078,5344,5577,4596,3029,2248,1254,482,109,3857,4645,4727,4798,3925,4207,4131,4461,5510,6600,6863,6034,5568,6113,4925,3597,2848,1976,1045,396
"99M","E38000118",225171,111331,113840,6996,7169,6808,6386,6189,6759,6922,7452,8295,9026,8889,7117,5542,5761,4647,3371,2219,1210,466,107,6699,6967,6169,6204,6349,7352,7524,7855,8288,8766,8316,6697,5793,6138,4967,3816,2794,1871,967,308
"99N","E38000206",479666,232041,247625,13289,14435,13912,14405,12040,11441,11497,11803,14024,17420,18392,16984,14750,15410,12192,8677,6281,3484,1309,296,12331,13918,13414,14032,11919,13248,13227,13477,16203,18616,19223,17045,15022,16202,13211,9770,7632,5392,2824,919
"99P","E38000129",909320,442891,466429,23963,25446,23625,26288,31683,25762,24841,23928,25486,30342,31739,29544,26911,29786,24216,16968,12133,6949,2654,627,22455,24137,22365,25890,32239,27127,26422,25243,26763,31843,32980,30641,28299,31132,25727,19452,15500,10766,5580,1868
"99Q","E38000152",288365,140379,147986,7068,7692,7483,7976,7494,7603,7029,6836,7840,9777,10647,9842,9514,10772,8849,5996,4308,2439,973,241,6759,7243,7039,7350,6987,7685,7356,7425,8367,10296,11227,10410,9972,11240,9330,6875,5539,4001,2182,703
